{"cameraMode":{"drawMode":0,"name":"Shaded","section":"Shading Mode"},"sceneLighting":false,"audioPlay":false,"sceneViewState":{"showFog":true,"showMaterialUpdate":false,"showSkybox":false,"showFlares":true,"showImageEffects":true,"showParticleSystems":true},"in2DMode":false,"pivot":{"x":-1.6390713453292847,"y":1.655117392539978,"z":2.818561553955078},"rotation":{"x":0.23723852634429933,"y":0.7251023054122925,"z":-0.2999975383281708,"w":0.5728991031646729},"size":0.8660252690315247,"orthographic":false}