{"cameraMode":{"drawMode":0,"name":"Shaded","section":"Shading Mode"},"sceneLighting":false,"audioPlay":false,"sceneViewState":{"showFog":true,"showMaterialUpdate":false,"showSkybox":false,"showFlares":true,"showImageEffects":true,"showParticleSystems":true},"in2DMode":false,"pivot":{"x":-1.2590672969818116,"y":1.6177364587783814,"z":0.4996871054172516},"rotation":{"x":-0.19437170028686524,"y":0.5876418352127075,"z":-0.1482054591178894,"w":-0.7714230418205261},"size":0.5233666896820068,"orthographic":false}