{"cameraMode":{"drawMode":0,"name":"Shaded","section":"Shading Mode"},"sceneLighting":false,"audioPlay":false,"sceneViewState":{"showFog":true,"showMaterialUpdate":false,"showSkybox":false,"showFlares":true,"showImageEffects":true,"showParticleSystems":true},"in2DMode":false,"pivot":{"x":-0.15833145380020142,"y":-0.16402550041675569,"z":-0.1804112046957016},"rotation":{"x":0.040952831506729129,"y":-0.7206336259841919,"z":0.04300251603126526,"w":0.6909463405609131},"size":0.7088723182678223,"orthographic":false}