{"cameraMode":{"drawMode":0,"name":"Shaded","section":"Shading Mode"},"sceneLighting":false,"audioPlay":false,"sceneViewState":{"showFog":true,"showMaterialUpdate":false,"showSkybox":false,"showFlares":true,"showImageEffects":true,"showParticleSystems":true},"in2DMode":false,"pivot":{"x":-1.97335684299469,"y":2.486147165298462,"z":-1.3470672369003297},"rotation":{"x":-0.0029334723949432375,"y":0.9937301278114319,"z":-0.027755290269851686,"w":-0.10952091217041016},"size":0.9671182036399841,"orthographic":false}