{"cameraMode":{"drawMode":0,"name":"Shaded","section":"Shading Mode"},"sceneLighting":false,"audioPlay":false,"sceneViewState":{"showFog":true,"showMaterialUpdate":false,"showSkybox":false,"showFlares":true,"showImageEffects":true,"showParticleSystems":true},"in2DMode":false,"pivot":{"x":-2.3983027935028078,"y":0.24783483147621156,"z":0.12348741292953491},"rotation":{"x":0.13719727098941804,"y":0.2788701057434082,"z":-0.04008297249674797,"w":0.9497258067131043},"size":0.42735278606414797,"orthographic":false}